Domain,Status,Attractiveness,Demand,Length,Sectors,Created,Expires,Registrar
complete.one,available,120,21%,8,"Manufacturing,Retail,Technology",,,
second.one,available,120,23%,6,"General,Mathematics",,,
tenth.one,available,116,7%,5,Mathematics,,,
flat.one,available,116,24%,4,"Construction,Real Estate",,,
equal.one,resell,116,19%,5,"Education,General,Law",12/08/2022 02:20,12/08/2026 02:20,"GoDaddy.com, LLC"
tonic.one,resell,114,22%,5,"Health and Fitness,Medicine,Science",15/02/2021 07:42,15/02/2027 07:42,Dynadot Inc
acute.one,resell,112,9%,5,"Mathematics,Medicine,Science",21/06/2021 18:38,21/06/2026 18:38,Dynadot Inc
abiding.one,available,106,5%,7,"General,Religion",,,
active.one,available,104,27%,6,"Health and Fitness,Sports,Travel",,,
teen.one,available,104,14%,4,"Education,Entertainment,Healthcare",,,
extra.one,available,102,26%,5,"Fashion,Retail,Technology",,,
absent.one,expired,102,8%,6,"Business,Education,Technology",30/07/2024 02:20,30/07/2025 02:20,"Spaceship, Inc."
eight.one,expired,102,23%,5,"General,Mathematics",29/07/2017 23:32,29/07/2025 23:32,Key-Systems LLC
sixth.one,expired,100,8%,5,Mathematics,30/07/2024 02:20,30/07/2025 02:20,"Spaceship, Inc."
adjunct.one,available,100,5%,7,Education,,,
ninth.one,available,100,9%,5,Mathematics,,,
whizz.one,expiring,98,11%,5,"Business,Education,Technology",06/09/2024 16:10,06/09/2025 16:10,"Spaceship, Inc."
genius.one,resell,98,46%,6,"Arts,Education,Technology",20/05/2015 12:06,20/05/2026 12:06,"NameCheap, Inc."
forgiving.one,available,96,3%,9,"Healthcare,Religion",,,
doable.one,available,96,9%,6,"Business,Education,Technology",,,
about.one,available,94,28%,5,"Business,General,Media,Technology",,,
exemplary.one,available,92,5%,9,"Business,Education,Healthcare",,,
next.one,expiring,92,43%,4,"Retail,Technology,Transportation",03/09/2023 03:50,03/09/2025 03:50,"GoDaddy.com, LLC"
twentieth.one,available,92,3%,9,Mathematics,,,
derelict.one,available,92,7%,8,"Construction,Real Estate",,,
adjective.one,available,92,5%,9,Education,,,
abortive.one,available,90,1%,8,"Medicine,Science",,,
additional.one,available,90,8%,10,"Fashion,Retail,Technology",,,
adoring.one,available,90,2%,7,"Entertainment,Fashion,Retail",,,
gripping.one,available,90,3%,8,"Entertainment,Media,Technology",,,
clear.one,available,90,47%,5,"Manufacturing,Retail,Technology",,,
riveting.one,available,90,6%,8,"Entertainment,Media,Technology",,,
leash.one,expiring,90,7%,5,"General,Health and Fitness,Retail",17/08/2024 15:21,17/08/2025 15:21,"Spaceship, Inc."
endearing.one,available,90,1%,9,"Entertainment,Fashion,Retail",,,
proficient.one,expiring,88,8%,10,"Education,Health and Fitness,Sports",21/08/2024 00:38,21/08/2025 00:38,"Spaceship, Inc."
engrossing.one,available,86,0%,10,"Entertainment,Media,Technology",,,
intent.one,resell,86,25%,6,"Business,Education,Technology",30/09/2024 04:35,30/09/2025 04:35,Dynadot Inc
adolescent.one,available,86,3%,10,"Education,Entertainment,Healthcare",,,
recondite.one,available,86,4%,9,"Arts,Humanities,Science",,,
extempore.one,available,86,3%,9,Entertainment,,,
grand.one,available,84,25%,5,"Finance,General",,,
nineteen.one,expired,84,8%,8,Mathematics,03/07/2024 17:58,03/07/2025 17:58,"Spaceship, Inc."
twenty.one,resell,84,12%,6,Mathematics,20/05/2015 12:00,20/05/2028 12:00,"GoDaddy.com, LLC"
thirteen.one,expired,84,10%,8,Mathematics,10/07/2017 14:21,10/07/2025 14:21,IONOS SE
acting.one,available,84,12%,6,Entertainment,,,
enduring.one,available,82,9%,8,"Health and Fitness,Religion",,,
abenaki.one,available,82,2%,7,Geography,,,
abdominal.one,available,82,1%,9,"Health and Fitness,Medicine",,,
abkhaz.one,available,82,1%,6,Geography,,,
cleansing.one,available,82,3%,9,Health and Fitness,,,
abroach.one,available,82,1%,7,Food and Beverage,,,
fivesome.one,available,82,1%,8,Sports,,,
good.one,available,82,47%,4,"Food and Beverage,General,Health and Fitness,Retail",,,
absorbent.one,available,82,3%,9,"Healthcare,Manufacturing,Retail",,,
altered.one,resell,82,9%,7,"Medicine,Science",20/06/2025 02:31,20/06/2026 02:31,Porkbun
wiz.one,expired,80,30%,3,"Business,Education,Technology",08/08/2020 07:38,08/08/2025 07:38,"GoDaddy.com, LLC"
yard.one,available,80,26%,4,"Construction,General",,,
first.one,available,80,36%,5,"General,Mathematics",,,
capable.one,resell,80,12%,7,"Business,Education,Technology",13/02/2018 19:14,13/02/2026 19:14,"NameCheap, Inc."
seventh.one,available,80,10%,7,Mathematics,,,
abundant.one,resell,80,19%,8,"Agriculture,Manufacturing,Retail",14/01/2025 19:47,14/01/2026 19:47,"Spaceship, Inc."
adoptable.one,available,80,3%,9,"Education,Healthcare",,,
dorsal.one,available,80,6%,6,"Medicine,Science",,,
worshipful.one,available,80,1%,10,"Education,Healthcare,Religion",,,
absorbable.one,available,80,0%,10,"Healthcare,Pharmaceuticals,Science",,,
superstar.one,resell,80,18%,9,Entertainment,01/07/2015 13:40,01/07/2026 13:40,"NameSilo, LLC"
able.one,expired,80,29%,4,"Business,Education,General,Technology",10/08/2017 09:11,10/08/2025 09:11,"Spaceship, Inc."
sequent.one,available,80,7%,7,"Healthcare,Insurance,Transportation",,,
nine.one,resell,80,24%,4,"General,Mathematics",08/08/2024 00:00,08/08/2026 00:00,Tucows Domains Inc.
abounding.one,available,78,2%,9,Agriculture,,,
abkhazian.one,available,78,1%,9,Geography,,,
sixtynine.one,available,78,8%,10,Mathematics,,,
recognized.one,available,78,3%,10,"Business,Education,Technology",,,
accepted.one,available,78,6%,8,"Business,Education,Technology",,,
athletic.one,available,78,15%,8,"Health and Fitness,Sports",,,
acceptant.one,available,78,1%,9,"Education,Healthcare",,,
accidental.one,available,78,11%,10,"Healthcare,Insurance,Transportation",,,
low.one,available,78,20%,3,"Business,Finance",,,
abkhasian.one,available,78,1%,9,Geography,,,
adrenal.one,available,78,4%,7,"Education,Healthcare,Science",,,
absorptive.one,available,78,1%,10,"Healthcare,Manufacturing,Retail",,,
dormant.one,available,78,4%,7,"Medicine,Science",,,
acceptable.one,available,78,5%,10,"Business,Hospitality,Retail",,,
recognised.one,available,78,3%,10,"Business,Education,Technology",,,
auxiliary.one,expiring,76,7%,9,"Healthcare,Manufacturing,Technology",24/08/2024 23:28,24/08/2025 23:28,"GoDaddy.com, LLC"
nineteenth.one,available,76,3%,10,Mathematics,,,
thirteenth.one,available,76,4%,10,Mathematics,,,
ague.one,available,76,2%,4,"Geography,Medicine,Science",,,
incidental.one,available,76,4%,10,"Healthcare,Insurance,Transportation",,,
fifteenth.one,available,76,2%,9,Mathematics,,,
adherent.one,available,76,4%,8,"Politics,Religion",,,
adipose.one,available,76,2%,7,"Healthcare,Science",,,
improvise.one,available,76,4%,9,Entertainment,,,
resultant.one,available,76,2%,9,"Healthcare,Insurance,Transportation",,,
threed.one,available,76,7%,7,Technology,,,
firstrate.one,available,76,6%,10,Business,,,
thousandth.one,available,76,1%,10,Mathematics,,,
fourteenth.one,available,76,1%,10,Mathematics,,,
diamond.one,available,76,32%,7,Fashion,,,
addable.one,available,76,2%,7,"Engineering,Mathematics,Science",,,
ventral.one,available,76,3%,7,Science,,,
obscene.one,available,76,5%,7,"Entertainment,Media",,,
ancillary.one,available,76,6%,9,"Healthcare,Manufacturing,Technology",,,
energizing.one,available,76,3%,10,"Food and Beverage,Health and Fitness,Travel",,,
acoustic.one,expiring,76,14%,8,Science,18/09/2017 13:54,18/09/2025 13:54,united-domains GmbH
hundredth.one,available,76,1%,9,Mathematics,,,
accepting.one,expiring,74,3%,9,"Education,Healthcare",06/09/2024 18:57,06/09/2025 18:57,Global Domain Group LLC
manageable.one,available,74,4%,10,"Business,Education,Technology",,,
adapted.one,available,74,6%,7,"Healthcare,Manufacturing,Technology",,,
adrenergic.one,available,74,1%,10,"Education,Healthcare,Science",,,
realizable.one,available,74,1%,10,"Business,Education,Technology",,,
skilful.one,available,74,3%,7,"Education,Health and Fitness,Sports",,,
acuate.one,available,74,2%,6,"Engineering,Medicine,Science",,,
cleared.one,available,74,7%,7,"Healthcare,Law,Transportation",,,
adenoid.one,available,74,1%,7,"Health and Fitness,Medicine,Science",,,
supra.one,resell,74,25%,5,"Medicine,Science",01/02/2025 00:00,01/02/2026 00:00,Dynadot Inc
single.one,available,74,19%,6,Sports,,,
abloom.one,available,72,5%,6,Agriculture,,,
eightieth.one,available,72,1%,9,Mathematics,,,
lovely.one,available,72,26%,6,"Entertainment,Fashion,Retail",,,
adjunctive.one,available,72,1%,10,"Healthcare,Manufacturing,Technology",,,
abreast.one,available,72,2%,7,"Business,Technology",,,
absorbed.one,available,72,2%,8,"Entertainment,Media,Technology",,,
adiabatic.one,available,72,3%,9,"Engineering,Science",,,
ternary.one,available,72,7%,7,Mathematics,,,
accustomed.one,available,72,1%,10,"Business,Education,Humanities",,,
seventieth.one,available,72,1%,10,Mathematics,,,
sixtieth.one,available,72,1%,8,Mathematics,,,
accusative.one,available,72,0%,10,"Humanities,Law",,,
absolutist.one,available,72,1%,10,"Humanities,Law,Politics",,,
adonic.one,available,72,2%,6,"Arts,Education,Entertainment",,,
adjectival.one,available,72,1%,10,Education,,,
ninetieth.one,available,72,1%,9,Mathematics,,,
improvize.one,available,72,1%,9,Entertainment,,,
aching.one,available,72,4%,6,Healthcare,,,
existent.one,available,72,3%,8,"Mathematics,Science",,,
engrossed.one,available,72,1%,9,"Entertainment,Media,Technology",,,
adaptative.one,available,72,1%,10,"Business,Education,Technology",,,
stillborn.one,available,70,2%,9,"Medicine,Science",,,
practiced.one,available,70,3%,9,"Education,Health and Fitness,Sports",,,
offhand.one,available,70,2%,7,Entertainment,,,
adored.one,available,70,6%,6,"Entertainment,Fashion,Retail",,,
absorbing.one,available,70,3%,9,"Entertainment,Media,Technology",,,
accumbent.one,available,70,1%,9,"Healthcare,Medicine,Science",,,
adjusted.one,available,70,5%,8,"Manufacturing,Retail,Technology",,,
acuminate.one,available,70,1%,9,"Engineering,Medicine,Science",,,
adamantine.one,available,70,4%,10,Religion,,,
abradant.one,available,70,1%,8,"Construction,Manufacturing",,,
recumbent.one,available,70,2%,9,"Healthcare,Medicine,Science",,,
miserable.one,available,70,4%,9,Humanities,,,
lowdown.one,available,70,6%,8,"Entertainment,Media",,,
abulic.one,available,70,1%,6,Medicine,,,
ablative.one,available,68,3%,8,Science,,,
octonary.one,available,68,1%,8,Mathematics,,,
sevener.one,available,68,1%,7,Mathematics,,,
activating.one,available,68,3%,10,"Healthcare,Manufacturing,Technology",,,
abducent.one,available,68,0%,8,Medicine,,,
decorated.one,available,68,3%,9,"Entertainment,Fashion,Retail",,,
achaian.one,available,68,2%,7,Humanities,,,
threesome.one,available,68,5%,9,Entertainment,,,
aberdonian.one,available,68,1%,10,Geography,,,
septenary.one,available,68,1%,9,Mathematics,,,
fiftieth.one,available,68,0%,8,Mathematics,,,
licensed.one,available,68,5%,8,"Business,Healthcare,Insurance",,,
aroused.one,available,68,3%,7,"Entertainment,Health and Fitness",,,
licenced.one,available,68,2%,8,"Business,Healthcare,Insurance",,,
ennead.one,available,68,5%,6,Mathematics,,,
stygian.one,available,68,5%,7,Humanities,,,
achaean.one,available,68,2%,7,Humanities,,,
abkhas.one,available,68,0%,6,Geography,,,
foursome.one,available,68,4%,8,Sports,,,
fortieth.one,available,68,0%,8,Mathematics,,,
aculeate.one,available,68,1%,8,"Engineering,Medicine,Science",,,
acerate.one,available,68,1%,7,Science,,,
thirtieth.one,available,68,1%,9,Mathematics,,,
scurvy.one,available,68,3%,6,Humanities,,,
vindicated.one,available,68,2%,10,"Humanities,Law,Politics",,,
abnaki.one,available,68,1%,6,Geography,,,
sextet.one,available,66,1%,6,Entertainment,,,
according.one,available,66,3%,9,"Business,Education,Technology",,,
acrobatic.one,available,66,4%,9,"Entertainment,Sports",,,
latest.one,available,66,18%,6,Technology,,,
buzzing.one,expired,66,7%,7,"Entertainment,Media,Technology",05/07/2024 02:25,05/07/2025 02:25,"Spaceship, Inc."
adopted.one,available,66,4%,7,"Education,Healthcare",,,
modish.one,available,66,5%,6,Fashion,,,
acervate.one,available,66,1%,8,Science,,,
century.one,resell,66,17%,7,Education,01/11/2019 20:38,01/11/2025 20:38,"GoDaddy.com, LLC"
four.one,available,66,27%,4,Mathematics,,,
xvi.one,available,66,5%,3,Mathematics,,,
acappella.one,available,66,6%,10,Entertainment,,,
tenner.one,available,66,5%,6,Finance,,,
abstinent.one,available,66,1%,9,"Health and Fitness,Religion",,,
accessary.one,available,66,1%,9,"Business,Law,Technology",,,
onec.one,available,66,6%,5,Mathematics,,,
exonerated.one,available,66,2%,10,"Humanities,Law,Politics",,,
performing.one,available,66,6%,10,Entertainment,,,
adorned.one,available,66,5%,7,"Entertainment,Fashion,Retail",,,
absolved.one,available,64,1%,8,"Humanities,Law,Religion",,,
aflame.one,available,64,3%,6,Entertainment,,,
scatty.one,available,64,1%,6,"Arts,Entertainment,Media",,,
nondrinker.one,available,64,1%,10,"Health and Fitness,Religion",,,
acentric.one,available,64,2%,8,Science,,,
accordant.one,available,64,3%,9,"Arts,Entertainment",,,
astringent.one,available,64,1%,10,"Healthcare,Pharmaceuticals",,,
cumulative.one,available,62,2%,10,"Banking,Finance,Insurance",,,
eighteenth.one,available,62,1%,10,Mathematics,,,
orso.one,available,62,9%,5,"Business,Media,Technology",,,
acidic.one,available,62,5%,6,"Food and Beverage,Science",,,
longdozen.one,available,62,2%,10,Mathematics,,,
twodozen.one,available,62,1%,9,Mathematics,,,
activistic.one,available,62,1%,10,"Humanities,Politics",,,
aufait.one,available,62,3%,7,"Fashion,Media",,,
adjuvant.one,available,62,5%,8,"Healthcare,Manufacturing,Technology",,,
quartet.one,resell,62,7%,7,"Arts,Entertainment",06/04/2024 00:11,06/04/2026 00:11,"Name.com, Inc."
aborigine.one,available,62,1%,9,Humanities,,,
ensuant.one,available,62,1%,7,"Healthcare,Insurance,Transportation",,,
accrued.one,available,62,2%,7,"Banking,Finance,Insurance",,,
nail.one,available,62,16%,4,"Construction,Fashion,General,Retail",,,
chiliad.one,available,62,2%,7,Mathematics,,,
sixteenth.one,available,62,1%,9,Mathematics,,,
eleventh.one,available,62,5%,8,Mathematics,,,
roughly.one,available,62,3%,7,"Business,Media,Technology",,,
playacting.one,available,62,1%,10,Entertainment,,,
pungent.one,available,62,1%,7,Food and Beverage,,,
wrapped.one,expired,62,13%,7,"Fashion,Hospitality,Retail",08/07/2024 00:04,08/07/2025 00:04,"Spaceship, Inc."
exculpated.one,available,62,1%,10,"Humanities,Law,Politics",,,
accusing.one,available,62,1%,8,Law,,,
adoptive.one,available,62,1%,8,"Education,Healthcare",,,
admissible.one,available,62,1%,10,"Education,Healthcare,Law",,,
cxlv.one,available,60,2%,4,Mathematics,,,
cxxx.one,available,60,4%,4,Mathematics,,,
idolised.one,available,60,1%,8,"Entertainment,Fashion,Retail",,,
abstemious.one,available,60,0%,10,"Food and Beverage,Health and Fitness,Hospitality",,,
adnexal.one,available,60,1%,7,"Agriculture,Manufacturing,Retail",,,
clxxv.one,available,60,1%,5,Mathematics,,,
aboveboard.one,available,60,5%,10,"Business,Law",,,
adnate.one,available,60,1%,6,"Agriculture,Manufacturing,Retail",,,
cxxv.one,available,60,1%,4,Mathematics,,,
cxv.one,available,60,4%,3,Mathematics,,,
clxv.one,available,60,1%,4,Mathematics,,,
clxx.one,available,60,3%,4,Mathematics,,,
paunchy.one,available,60,0%,7,"Health and Fitness,Medicine",,,
abstainer.one,available,60,0%,9,"Health and Fitness,Religion",,,
idolized.one,available,60,3%,8,"Entertainment,Fashion,Retail",,,
annexal.one,available,60,1%,7,"Agriculture,Manufacturing,Retail",,,
abashed.one,available,60,1%,7,Humanities,,,
cxx.one,available,60,10%,3,Mathematics,,,
tertiary.one,available,60,4%,8,Education,,,
cxxxv.one,available,60,2%,5,Mathematics,,,
clxxx.one,available,60,1%,5,Mathematics,,,
cautionary.one,available,60,1%,10,"Business,Education,Healthcare",,,
acceptive.one,available,60,1%,9,"Education,Healthcare",,,
tercet.one,available,59,2%,6,"Arts,Entertainment,Media",,,
aucourant.one,available,58,3%,10,"Fashion,Media",,,
fourscore.one,available,58,4%,9,Mathematics,,,
centesimal.one,available,58,1%,10,Mathematics,,,
sixtyone.one,available,58,3%,9,Mathematics,,,
hexad.one,available,58,4%,5,Mathematics,,,
sextuplet.one,available,58,1%,9,Healthcare,,,
adient.one,available,58,4%,6,"Medicine,Science",,,
lxxviii.one,available,58,1%,7,Mathematics,,,
closeto.one,available,58,3%,8,"Business,Media,Technology",,,
acetic.one,available,58,1%,6,"Food and Beverage,Science",,,
accretive.one,available,58,6%,9,"Banking,Finance,Insurance",,,
abandoned.one,available,58,10%,9,"Construction,Real Estate",,,
abuzz.one,available,58,5%,5,"Entertainment,Media,Technology",,,
actuarial.one,available,58,8%,9,"Finance,Insurance,Mathematics",,,
acyclic.one,available,58,4%,7,"Engineering,Mathematics,Science",,,
quintet.one,available,58,8%,7,"Arts,Entertainment",,,
adjustive.one,available,58,1%,9,"Manufacturing,Retail,Technology",,,
abused.one,available,58,5%,6,"Healthcare,Law",,,
pentad.one,available,58,2%,6,Mathematics,,,
addressed.one,available,58,3%,9,"Business,Technology,Telecommunications",,,
alacarte.one,available,58,11%,10,Food and Beverage,,,
twelfth.one,available,58,2%,7,Mathematics,,,
offhanded.one,available,58,1%,9,Entertainment,,,
enwrapped.one,available,58,0%,9,"Entertainment,Fashion,Media",,,
addible.one,available,58,2%,7,"Engineering,Mathematics,Science",,,
lxxx.one,expired,58,2%,4,Mathematics,22/07/2024 16:04,22/07/2025 16:04,"NameSilo, LLC"
eighter.one,available,58,2%,7,Mathematics,,,
accoutred.one,available,58,1%,9,"Fashion,Manufacturing,Retail",,,
accented.one,available,58,3%,8,"Arts,Entertainment",,,
octad.one,available,58,5%,5,Mathematics,,,
justabout.one,available,58,3%,10,"Business,Media,Technology",,,
lvi.one,available,56,8%,3,Mathematics,,,
potbellied.one,available,56,0%,10,"Health and Fitness,Medicine",,,
lviii.one,available,56,1%,5,Mathematics,,,
xlii.one,available,56,5%,4,Mathematics,,,
thirtysix.one,available,56,5%,10,Mathematics,,,
xxiv.one,available,56,5%,4,Mathematics,,,
fiftyfour.one,available,56,3%,10,Mathematics,,,
xxix.one,available,56,4%,4,Mathematics,,,
xxxvii.one,available,56,2%,6,Mathematics,,,
thirtyone.one,available,56,5%,10,Mathematics,,,
lvii.one,available,56,1%,4,Mathematics,,,
xxviii.one,available,56,1%,6,Mathematics,,,
xlviii.one,available,56,1%,6,Mathematics,,,
ilx.one,expired,56,5%,3,Mathematics,05/07/2015 17:20,05/07/2025 17:20,Tucows Domains Inc.
fiftytwo.one,expiring,56,6%,9,Mathematics,09/09/2024 13:57,09/09/2025 13:57,Porkbun
fortysix.one,available,56,3%,9,Mathematics,,,
xlvi.one,available,56,3%,4,Mathematics,,,
abeyant.one,available,56,1%,7,"Business,Law",,,
fortytwo.one,available,56,17%,9,Mathematics,,,
abdominous.one,available,56,0%,10,"Health and Fitness,Medicine",,,
lii.one,resell,56,7%,3,Mathematics,05/06/2025 00:27,05/06/2026 00:27,"NameCheap, Inc."
fiftysix.one,available,56,4%,9,Mathematics,,,
maledict.one,available,56,1%,8,Religion,,,
xxxiv.one,available,56,1%,5,Mathematics,,,
admissive.one,available,56,1%,9,"Education,Healthcare,Hospitality",,,
accoutered.one,available,56,0%,10,"Fashion,Manufacturing,Retail",,,
xliii.one,available,56,1%,5,Mathematics,,,
xxvii.one,available,56,3%,5,Mathematics,,,
admittable.one,available,56,1%,10,"Education,Healthcare,Hospitality",,,
xli.one,available,56,5%,3,Mathematics,,,
xxxiii.one,available,56,2%,6,Mathematics,,,
terzetto.one,available,56,3%,8,Arts,,,
admittible.one,available,56,1%,10,"Education,Healthcare,Hospitality",,,
a.one,available,56,15%,5,Food and Beverage,,,
liii.one,available,56,4%,4,Mathematics,,,
halfdozen.one,available,56,1%,10,Mathematics,,,
xlvii.one,available,56,2%,5,Mathematics,,,
xxxviii.one,available,56,1%,7,Mathematics,,,
xxxv.one,available,56,4%,4,Mathematics,,,
fiftynine.one,available,56,4%,10,Mathematics,,,
fortynine.one,available,56,3%,10,Mathematics,,,
xxxi.one,available,56,9%,4,Mathematics,,,
aone.one,expired,56,15%,5,Food and Beverage,26/07/2024 00:11,26/07/2025 00:11,"Spaceship, Inc."
appressed.one,available,56,0%,9,"Agriculture,Manufacturing,Retail",,,
xxxii.one,available,56,1%,5,Mathematics,,,
xxxvi.one,available,56,1%,5,Mathematics,,,
fifty.one,resell,56,12%,5,Mathematics,18/10/2024 00:03,18/10/2025 00:03,"Spaceship, Inc."
adaxial.one,available,54,2%,7,Science,,,
quatern.one,available,54,2%,7,Mathematics,,,
accentual.one,available,54,3%,9,"Arts,Entertainment",,,
abaxial.one,available,54,1%,7,Science,,,
achromatic.one,available,54,4%,10,Science,,,
monitory.one,available,54,3%,8,"Business,Education,Healthcare",,,
scratchy.one,available,54,3%,8,Fashion,,,
abatic.one,available,54,1%,6,Science,,,
quadruplet.one,available,54,1%,10,"Healthcare,Medicine,Science",,,
fortyfive.one,expired,54,4%,10,Mathematics,29/07/2020 21:12,29/07/2025 21:12,IONOS SE
adjuratory.one,available,54,0%,10,"Law,Politics,Religion",,,
sise.one,available,54,5%,4,Mathematics,,,
twoscore.one,available,54,2%,8,Mathematics,,,
adducent.one,available,54,1%,8,"Engineering,Mathematics,Science",,,
deuceace.one,available,54,2%,9,Sports,,,
admonitory.one,available,54,0%,10,"Business,Education,Healthcare",,,
quaternity.one,available,54,4%,10,Mathematics,,,
iii.one,resell,54,24%,3,Mathematics,22/05/2015 12:32,22/05/2026 12:32,Hosting Concepts B.V. d/b/a Registrar.eu
actuated.one,available,54,2%,8,"Automotive,Manufacturing,Technology",,,
adductive.one,available,54,0%,9,"Engineering,Mathematics,Science",,,
adducting.one,available,54,1%,9,"Engineering,Mathematics,Science",,,
abient.one,available,54,1%,6,Science,,,
aboral.one,available,54,2%,6,Science,,,
threescore.one,available,54,1%,10,Mathematics,,,
quintuplet.one,available,54,1%,10,"Healthcare,Medicine,Science",,,
acoustical.one,available,54,4%,10,Science,,,
fin.one,resell,54,30%,3,Finance,26/10/2022 15:33,26/10/2026 15:33,Dynadot Inc
abducens.one,available,54,1%,8,Medicine,,,
abasic.one,available,54,1%,6,Science,,,
deserted.one,available,54,3%,8,"Hospitality,Real Estate",,,
abatable.one,available,54,1%,8,Law,,,
achy.one,available,54,3%,4,Healthcare,,,
ternion.one,available,54,3%,7,Mathematics,,,
adpressed.one,available,54,0%,9,"Agriculture,Manufacturing,Retail",,,
abhorrent.one,available,54,1%,9,Humanities,,,
sestet.one,available,53,1%,6,Arts,,,
septet.one,available,53,1%,6,General,,,
xciv.one,available,52,2%,4,Mathematics,,,
abominable.one,available,52,2%,10,"Entertainment,Humanities",,,
lxvii.one,available,52,1%,5,Mathematics,,,
lxxxiv.one,available,52,1%,6,Mathematics,,,
sixtysix.one,available,52,4%,9,Mathematics,,,
lxxiv.one,available,52,1%,5,Mathematics,,,
xcvi.one,available,52,2%,4,Mathematics,,,
sixtyfive.one,available,52,3%,10,Mathematics,,,
ninetyone.one,available,52,5%,10,Mathematics,,,
chagrined.one,available,52,1%,9,Humanities,,,
aboulic.one,available,52,1%,7,Medicine,,,
odious.one,available,52,2%,6,"Entertainment,Humanities",,,
tierce.one,available,52,3%,6,General,,,
decumbent.one,available,52,1%,9,"Healthcare,Medicine,Science",,,
lxxxv.one,available,52,1%,5,Mathematics,,,
repulsive.one,available,52,1%,9,Humanities,,,
xcii.one,available,52,2%,4,Mathematics,,,
repugnant.one,available,52,1%,9,Humanities,,,
abysmal.one,available,52,4%,7,"Arts,Entertainment,Media",,,
detestable.one,available,52,1%,10,Humanities,,,
sixtytwo.one,available,52,3%,9,Mathematics,,,
eightyone.one,available,52,3%,10,Mathematics,,,
littlejoe.one,available,52,2%,10,"Entertainment,Media",,,
lxiii.one,available,52,2%,5,Mathematics,,,
lxv.one,available,52,5%,3,Mathematics,,,
xcviii.one,available,52,1%,6,Mathematics,,,
lxxii.one,available,52,1%,5,Mathematics,,,
xcvii.one,available,52,1%,5,Mathematics,,,
lxxxvii.one,available,52,1%,7,Mathematics,,,
lxxvi.one,available,52,1%,5,Mathematics,,,
ablated.one,available,52,1%,7,Science,,,
lxvi.one,available,52,3%,4,Mathematics,,,
lxxi.one,available,52,1%,4,Mathematics,,,
lxiv.one,available,52,3%,4,Mathematics,,,
xciii.one,available,52,1%,5,Mathematics,,,
ixc.one,available,52,5%,3,Mathematics,,,
ninetysix.one,available,52,4%,10,Mathematics,,,
abusive.one,available,52,3%,7,"Healthcare,Law",,,
lxviii.one,available,52,1%,6,Mathematics,,,
adenoidal.one,available,52,1%,9,"Health and Fitness,Medicine,Science",,,
lxii.one,available,52,1%,4,Mathematics,,,
lxxxi.one,available,52,1%,5,Mathematics,,,
lxi.one,available,52,5%,3,Mathematics,,,
ninetytwo.one,available,52,4%,10,Mathematics,,,
lxxv.one,available,52,1%,4,Mathematics,,,
lxxxvi.one,available,52,1%,6,Mathematics,,,
lxxiii.one,available,52,1%,6,Mathematics,,,
lxxxii.one,available,52,1%,6,Mathematics,,,
lxxxiii.one,available,52,1%,7,Mathematics,,,
abbatial.one,available,50,0%,8,Religion,,,
acaudal.one,available,50,1%,7,"Agriculture,Science",,,
acetose.one,available,50,1%,7,Science,,,
adactylous.one,available,50,0%,10,Science,,,
abdicable.one,available,50,0%,9,Law,,,
acerb.one,available,50,2%,5,Science,,,
abducting.one,available,50,0%,9,Medicine,,,
acapnotic.one,available,50,0%,9,"Healthcare,Medicine,Science",,,
triplet.one,available,50,8%,7,Science,,,
needlelike.one,available,50,0%,10,"Engineering,Medicine,Science",,,
adhominem.one,available,50,2%,10,"Humanities,Law,Politics",,,
aborticide.one,available,50,0%,10,Medicine,,,
aculeated.one,available,50,0%,9,"Engineering,Medicine,Science",,,
gillless.one,available,50,0%,9,Science,,,
acerose.one,available,50,1%,7,Science,,,
spinous.one,available,50,1%,7,"Agriculture,Science",,,
broached.one,available,50,0%,8,Food and Beverage,,,
abranchial.one,available,50,0%,10,Science,,,
ogdoad.one,available,50,1%,6,Mathematics,,,
acapnic.one,available,50,0%,7,"Healthcare,Medicine,Science",,,
abactinal.one,available,50,0%,9,Science,,,
acellular.one,available,50,1%,9,Science,,,
vinegary.one,available,50,1%,8,Food and Beverage,,,
acetous.one,available,50,1%,7,Science,,,
scummy.one,available,50,1%,6,Humanities,,,
acerbic.one,available,50,2%,7,"Arts,Humanities,Media",,,
abomasal.one,available,50,0%,8,Agriculture,,,
acquitted.one,available,50,1%,9,Law,,,
abstracted.one,available,48,5%,10,"Arts,Humanities,Science",,,
lxxxviii.one,available,48,1%,8,Mathematics,,,
ilxxx.one,available,48,1%,5,Mathematics,,,
execrable.one,available,48,0%,9,"Entertainment,Humanities",,,
ilxx.one,available,48,1%,4,Mathematics,,,
acetonic.one,available,46,1%,8,Science,,,
acetylic.one,available,46,1%,8,Science,,,
vinegarish.one,available,46,1%,10,Food and Beverage,,,
acaudate.one,available,46,1%,8,"Agriculture,Science",,,
acicular.one,available,46,2%,8,Science,,,
acetabular.one,available,46,1%,10,Science,,,
acarpelous.one,available,46,0%,10,"Agriculture,Science",,,
theabsurd.one,available,46,1%,10,"Arts,Entertainment,Media",,,
acheronian.one,available,46,1%,10,Humanities,,,
stemless.one,available,46,2%,8,"Agriculture,Science",,,
acanthotic.one,available,46,0%,10,"Agriculture,Science",,,
acanthous.one,available,46,0%,9,"Agriculture,Science",,,
acanthoid.one,available,46,1%,9,"Agriculture,Science",,,
achromous.one,available,46,1%,9,Science,,,
acetylenic.one,available,46,1%,10,Science,,,
stripling.one,available,46,2%,9,"Education,Entertainment,Healthcare",,,
quaternary.one,available,46,3%,10,Mathematics,,,
acephalous.one,available,46,1%,10,Science,,,
acarpous.one,available,46,0%,8,"Agriculture,Science",,,
cotyloid.one,available,46,1%,8,Science,,,
achenial.one,available,46,1%,8,Science,,,
achromic.one,available,46,2%,8,Science,,,
acapnial.one,available,46,0%,8,"Healthcare,Medicine,Science",,,
acherontic.one,available,44,1%,10,Humanities,,,
cotyloidal.one,available,44,1%,10,Science,,,
accusatory.one,available,44,1%,10,Law,,,
abscessed.one,available,41,0%,9,Healthcare,,,
scurrilous.one,available,40,1%,10,"Entertainment,Media,Politics",,,
accusive.one,available,40,1%,8,Law,,,
accurst.one,available,40,1%,7,Religion,,,